title,score,created_utc,num_comments,author,permalink
where can i get a fake medical made,1,1760089396.0,5,SetAlert2670,https://reddit.com/r/SRMUNIVERSITY/comments/1o2wgrf/where_can_i_get_a_fake_medical_made/
COA book,1,1760089380.0,0,iblameyou_69,https://reddit.com/r/SRMUNIVERSITY/comments/1o2wgm0/coa_book/
this campus is so random üò≠,2,1760089293.0,1,boredaf8538,https://reddit.com/r/SRMUNIVERSITY/comments/1o2wfsn/this_campus_is_so_random/
Having too much attendance; Any idea to reduce it,3,1760087856.0,2,AkhilAndroid,https://reddit.com/r/SRMUNIVERSITY/comments/1o2w28m/having_too_much_attendance_any_idea_to_reduce_it/
Srm Trichy Fountain,3,1760083103.0,0,Salt-Situation-1112,https://reddit.com/r/SRMUNIVERSITY/comments/1o2uuvk/srm_trichy_fountain/
Need help in ppt,2,1760082525.0,1,ndbevdvevdvd,https://reddit.com/r/SRMUNIVERSITY/comments/1o2upt6/need_help_in_ppt/
Holiday,4,1760079166.0,4,flawlessmonke,https://reddit.com/r/SRMUNIVERSITY/comments/1o2tus3/holiday/
WTF!!??,10,1760078909.0,2,HorrorbileBreath,https://reddit.com/r/SRMUNIVERSITY/comments/1o2tsbl/wtf/
Nice,4,1760075839.0,0,Fair_Gas_8690,https://reddit.com/r/SRMUNIVERSITY/comments/1o2syhc/nice/
ATTENDANCE RELATED,1,1760075665.0,2,One-Word-9959,https://reddit.com/r/SRMUNIVERSITY/comments/1o2swrk/attendance_related/
Someone please give me bio working model or any senior please give me? I will pay üò≠üò≠üò≠ its very urgent. Please dm,2,1760075561.0,0,Dear_Neighborhood448,https://reddit.com/r/SRMUNIVERSITY/comments/1o2svrg/someone_please_give_me_bio_working_model_or_any/
another day in srm,36,1760075259.0,11,boredaf8538,https://reddit.com/r/SRMUNIVERSITY/comments/1o2sste/another_day_in_srm/
Help,2,1760074533.0,3,ElectricalSplit2364,https://reddit.com/r/SRMUNIVERSITY/comments/1o2slhp/help/
Fine shyt,2,1760069011.0,2,Ambitious_Lie9375,https://reddit.com/r/SRMUNIVERSITY/comments/1o2qy1g/fine_shyt/
Hangout,0,1760058722.0,2,xp34r,https://reddit.com/r/SRMUNIVERSITY/comments/1o2nh3n/hangout/
Attendance Issue,3,1760046161.0,8,ActivityShort4446,https://reddit.com/r/SRMUNIVERSITY/comments/1o2itr6/attendance_issue/
Messi Ticket For Sale,2,1760038250.0,1,Demon54268,https://reddit.com/r/SRMUNIVERSITY/comments/1o2ff1b/messi_ticket_for_sale/
Anyone wants to make ff team for shuru event,2,1760036495.0,0,shikharsenpai,https://reddit.com/r/SRMUNIVERSITY/comments/1o2env5/anyone_wants_to_make_ff_team_for_shuru_event/
Date places,5,1760034491.0,17,areyoulostbabygirl56,https://reddit.com/r/SRMUNIVERSITY/comments/1o2ds97/date_places/
SALESFORCE AI BUILDERS DAY,1,1760030936.0,0,AcrobaticSize4714,https://reddit.com/r/SRMUNIVERSITY/comments/1o2c854/salesforce_ai_builders_day/
Hostel/Pg,1,1760027670.0,0,GroundSubstantial204,https://reddit.com/r/SRMUNIVERSITY/comments/1o2arxw/hostelpg/
How's the Halloween situation here,0,1760026858.0,11,ZealousidealSeries64,https://reddit.com/r/SRMUNIVERSITY/comments/1o2aeuo/hows_the_halloween_situation_here/
does anyone have an extra french book pls lmk ready to buy,1,1760023878.0,1,Mission-Koala5728,https://reddit.com/r/SRMUNIVERSITY/comments/1o292oa/does_anyone_have_an_extra_french_book_pls_lmk/
Travis Scott Ticket for sale!,1,1760021816.0,1,RcRockers,https://reddit.com/r/SRMUNIVERSITY/comments/1o2859h/travis_scott_ticket_for_sale/
Mallu near SRM,0,1760021535.0,7,Silent-Classic1613,https://reddit.com/r/SRMUNIVERSITY/comments/1o280zw/mallu_near_srm/
Need help regarding backlog in Mathüòû,1,1760018465.0,2,ConnectVoice9966,https://reddit.com/r/SRMUNIVERSITY/comments/1o26q4o/need_help_regarding_backlog_in_math/
My Replacement for SRM MUN,5,1760018394.0,0,SkullShooter01,https://reddit.com/r/SRMUNIVERSITY/comments/1o26oy4/my_replacement_for_srm_mun/
üé∏ Anyone willing to lend me an electric guitar for a bit?,0,1760015193.0,4,Frequent-Lunch-2212,https://reddit.com/r/SRMUNIVERSITY/comments/1o25fdn/anyone_willing_to_lend_me_an_electric_guitar_for/
Willing to buy bio model.. if anyone has got their model checked please dm if willing to sell and if any senior have model they can give me if possible? Please dm,3,1760014760.0,0,Dear_Neighborhood448,https://reddit.com/r/SRMUNIVERSITY/comments/1o259dg/willing_to_buy_bio_model_if_anyone_has_got_their/
how much of my fees will get refunded if i drop out rn?,2,1760012828.0,3,macharkijhaat69,https://reddit.com/r/SRMUNIVERSITY/comments/1o24jw6/how_much_of_my_fees_will_get_refunded_if_i_drop/
Attendance,1,1760011478.0,8,tannies2113,https://reddit.com/r/SRMUNIVERSITY/comments/1o24383/attendance/
Anyone wants to make ff team for shuru event,0,1760011292.0,0,shikharsenpai,https://reddit.com/r/SRMUNIVERSITY/comments/1o240y4/anyone_wants_to_make_ff_team_for_shuru_event/
Doubt on regarding getting degree,1,1760007565.0,2,Sufficient_Garlic129,https://reddit.com/r/SRMUNIVERSITY/comments/1o22v2n/doubt_on_regarding_getting_degree/
Monday holiday ???,4,1760004472.0,5,Fit_Statistician_408,https://reddit.com/r/SRMUNIVERSITY/comments/1o21zm5/monday_holiday/
Am I cooked guys?,4,1760004114.0,22,Aldehyde69,https://reddit.com/r/SRMUNIVERSITY/comments/1o21w4p/am_i_cooked_guys/
Abode,1,1760003604.0,2,Diligent_Cupcake_787,https://reddit.com/r/SRMUNIVERSITY/comments/1o21rd5/abode/
Want to buy a project.,1,1760002920.0,2,geogand,https://reddit.com/r/SRMUNIVERSITY/comments/1o21ldt/want_to_buy_a_project/
Class shuffle,1,1760002879.0,6,No-Way4576,https://reddit.com/r/SRMUNIVERSITY/comments/1o21l0k/class_shuffle/
Which is best academia warapper,2,1760002100.0,4,ClassicCartoonist942,https://reddit.com/r/SRMUNIVERSITY/comments/1o21dy3/which_is_best_academia_warapper/
Reginald men sunscreen,1,1759999627.0,2,pranay20081881,https://reddit.com/r/SRMUNIVERSITY/comments/1o20rmt/reginald_men_sunscreen/
Can I recover,3,1759997802.0,21,Sensitive-Collar3603,https://reddit.com/r/SRMUNIVERSITY/comments/1o20c1u/can_i_recover/
ZINGER IS CLOSED,60,1759997352.0,14,AresAthensKrishna,https://reddit.com/r/SRMUNIVERSITY/comments/1o2080d/zinger_is_closed/
Club related query,1,1759996939.0,0,Forsaken-Leadership5,https://reddit.com/r/SRMUNIVERSITY/comments/1o204fc/club_related_query/
Why I am having bad luck with friends,6,1759992650.0,3,No_Phone3717,https://reddit.com/r/SRMUNIVERSITY/comments/1o1z22m/why_i_am_having_bad_luck_with_friends/
Most efficient way to reach ktr from ramapuram,1,1759991039.0,4,Winter-Top-7416,https://reddit.com/r/SRMUNIVERSITY/comments/1o1yn59/most_efficient_way_to_reach_ktr_from_ramapuram/
Need 1 player for Free fire Shuru,0,1759987026.0,2,ProfessionalFly8291,https://reddit.com/r/SRMUNIVERSITY/comments/1o1xkhd/need_1_player_for_free_fire_shuru/
BIO MODEL ?,1,1759986668.0,0,Turbulent-Action2236,https://reddit.com/r/SRMUNIVERSITY/comments/1o1xgvj/bio_model/
Eee..,2,1759986662.0,9,SeaTop9485,https://reddit.com/r/SRMUNIVERSITY/comments/1o1xgtn/eee/
73.33% attendance in one subject,8,1759985205.0,7,Extension-Paint-1479,https://reddit.com/r/SRMUNIVERSITY/comments/1o1x1mt/7333_attendance_in_one_subject/
Campus web,3,1759984855.0,4,matar_paneer123,https://reddit.com/r/SRMUNIVERSITY/comments/1o1wy0m/campus_web/
Scholarship,1,1759980020.0,2,Crystal-Bloom,https://reddit.com/r/SRMUNIVERSITY/comments/1o1vi76/scholarship/
Forgot to give my attendance,2,1759977842.0,12,Double-Ad4654,https://reddit.com/r/SRMUNIVERSITY/comments/1o1usth/forgot_to_give_my_attendance/
Can university exam take a retest without any loss of credits or back in that subject,2,1759977142.0,11,ElectricalSplit2364,https://reddit.com/r/SRMUNIVERSITY/comments/1o1ukcd/can_university_exam_take_a_retest_without_any/
"Need a partner or friend my age 19 gender male , time IST , need a good friend or something been a long time",0,1759969225.0,2,Awkward_Special_6342,https://reddit.com/r/SRMUNIVERSITY/comments/1o1rtje/need_a_partner_or_friend_my_age_19_gender_male/
End sem datesheet,1,1759950550.0,0,Diligent_Cupcake_787,https://reddit.com/r/SRMUNIVERSITY/comments/1o1jvbm/end_sem_datesheet/
Guys pls help me with the dates my diwali ticket is booked üôè üò≠üò≠,1,1759949729.0,1,Straight_Juice_4298,https://reddit.com/r/SRMUNIVERSITY/comments/1o1jhpc/guys_pls_help_me_with_the_dates_my_diwali_ticket/
Help laptop,1,1759949109.0,3,xys2707,https://reddit.com/r/SRMUNIVERSITY/comments/1o1j7io/help_laptop/
is it holiday at SRM this Monday (13th October) due to convocation?,2,1759941465.0,5,Final-Bad-1327,https://reddit.com/r/SRMUNIVERSITY/comments/1o1fl54/is_it_holiday_at_srm_this_monday_13th_october_due/
Now find your Semester Exam Timetable Date instantly,2,1759939372.0,1,Delicious_Pitch4120,https://reddit.com/r/SRMUNIVERSITY/comments/1o1en1i/now_find_your_semester_exam_timetable_date/
Hangout gc??,8,1759938009.0,6,Beautiful-Mall-6891,https://reddit.com/r/SRMUNIVERSITY/comments/1o1e07g/hangout_gc/
Biryani war,121,1759937123.0,37,Perfect_Wave_122,https://reddit.com/r/SRMUNIVERSITY/comments/1o1dllk/biryani_war/
Capgemini test,2,1759930573.0,2,TutorPossible688,https://reddit.com/r/SRMUNIVERSITY/comments/1o1ap54/capgemini_test/
Attendance,7,1759930176.0,3,This_Finger_740,https://reddit.com/r/SRMUNIVERSITY/comments/1o1ajh8/attendance/
Library ceiling jus broke and fell down wtf,20,1759918194.0,5,PinInternational4758,https://reddit.com/r/SRMUNIVERSITY/comments/1o16fvh/library_ceiling_jus_broke_and_fell_down_wtf/
Any way to move from SRM KTR to Ramapuram in 2nd year?,3,1759914335.0,5,Best_Fortune9759,https://reddit.com/r/SRMUNIVERSITY/comments/1o15g04/any_way_to_move_from_srm_ktr_to_ramapuram_in_2nd/
Attendance,3,1759912570.0,2,pranay20081881,https://reddit.com/r/SRMUNIVERSITY/comments/1o15045/attendance/
Can I recover??,23,1759908582.0,19,Fearless_Place_9334,https://reddit.com/r/SRMUNIVERSITY/comments/1o13zy6/can_i_recover/
For all students,4,1759906735.0,2,takeyour-shot,https://reddit.com/r/SRMUNIVERSITY/comments/1o13ios/for_all_students/
DBMS Guy Strikes Again ‚Äì The Drama Continues (Part 2üò≠üî•),0,1759902856.0,3,ConnectVoice9966,https://reddit.com/r/SRMUNIVERSITY/comments/1o12gtv/dbms_guy_strikes_again_the_drama_continues_part_2/
Does SRM also provide transport service to airport?,10,1759901401.0,7,aloomatarkisabji,https://reddit.com/r/SRMUNIVERSITY/comments/1o122jv/does_srm_also_provide_transport_service_to_airport/
Where to buy the projects???,4,1759898391.0,10,MemeLover2060,https://reddit.com/r/SRMUNIVERSITY/comments/1o11762/where_to_buy_the_projects/
Questions for 4th Year | KTR,6,1759895910.0,11,Government_is_AFK,https://reddit.com/r/SRMUNIVERSITY/comments/1o10fnh/questions_for_4th_year_ktr/
End sems,1,1759866502.0,2,No_Maybe6390,https://reddit.com/r/SRMUNIVERSITY/comments/1o0p660/end_sems/
Internship 2027 batch,2,1759860498.0,1,Longjumping-Web-1691,https://reddit.com/r/SRMUNIVERSITY/comments/1o0me46/internship_2027_batch/
‚Äò23 passout here!,54,1759860405.0,51,scarcityonlyinurmind,https://reddit.com/r/SRMUNIVERSITY/comments/1o0mcmf/23_passout_here/
E lab,0,1759860380.0,0,Simple-Restaurant962,https://reddit.com/r/SRMUNIVERSITY/comments/1o0mc6m/e_lab/
Internship 2027 batch,3,1759860062.0,0,Longjumping-Web-1691,https://reddit.com/r/SRMUNIVERSITY/comments/1o0m6v5/internship_2027_batch/
Found a friend in the pasta served in Mess,25,1759859318.0,13,Prestigious_Tax_3387,https://reddit.com/r/SRMUNIVERSITY/comments/1o0lu65/found_a_friend_in_the_pasta_served_in_mess/
Attendance,1,1759857197.0,1,pranay20081881,https://reddit.com/r/SRMUNIVERSITY/comments/1o0ku8r/attendance/
Which hostel is best in SRM for comfort and Wi-Fi speed?,2,1759855511.0,1,rupalife,https://reddit.com/r/SRMUNIVERSITY/comments/1o0k1hc/which_hostel_is_best_in_srm_for_comfort_and_wifi/
ub washroom üò≠,35,1759853109.0,7,National_Laugh_8427,https://reddit.com/r/SRMUNIVERSITY/comments/1o0iyea/ub_washroom/
Placement for Biotech,1,1759845959.0,0,Bombardilo_crcodilo,https://reddit.com/r/SRMUNIVERSITY/comments/1o0fqc9/placement_for_biotech/
Missing earbud help,2,1759845336.0,2,Cheap-Warthog-6240,https://reddit.com/r/SRMUNIVERSITY/comments/1o0fgah/missing_earbud_help/
Subway bullying,2,1759843566.0,11,tthat_oneguyy,https://reddit.com/r/SRMUNIVERSITY/comments/1o0eq4d/subway_bullying/
Are they giving free ipad?,16,1759843255.0,27,rubbish38292,https://reddit.com/r/SRMUNIVERSITY/comments/1o0eljm/are_they_giving_free_ipad/
Selling muesli,4,1759842846.0,1,Agitated-Area1382,https://reddit.com/r/SRMUNIVERSITY/comments/1o0efs0/selling_muesli/
Doubt regarding mech marks misplaced,1,1759841158.0,8,Straight_Juice_4298,https://reddit.com/r/SRMUNIVERSITY/comments/1o0drzc/doubt_regarding_mech_marks_misplaced/
Using AI in projects...,1,1759838476.0,3,Glittering-Good6357,https://reddit.com/r/SRMUNIVERSITY/comments/1o0cs3d/using_ai_in_projects/
Placement 2025,8,1759833484.0,15,Glittering-Good6357,https://reddit.com/r/SRMUNIVERSITY/comments/1o0b5z9/placement_2025/
Holidays after 1st sem ???,1,1759831397.0,5,Rehaan_18,https://reddit.com/r/SRMUNIVERSITY/comments/1o0akfu/holidays_after_1st_sem/
End sem datesheet,3,1759825742.0,4,TouchDangerous3040,https://reddit.com/r/SRMUNIVERSITY/comments/1o0938q/end_sem_datesheet/
4th sem,1,1759822570.0,4,Anonymous_muffin_18,https://reddit.com/r/SRMUNIVERSITY/comments/1o08aaq/4th_sem/
"Want to take admission in SRM University, heard that during the 2025 placements 55 lpa was the highest package üò≤",1,1759820918.0,7,Best_Strawberry4745,https://reddit.com/r/SRMUNIVERSITY/comments/1o07uy7/want_to_take_admission_in_srm_university_heard/
URGENT! NEED O NEGATIVE OR A NEGATIVE BLOOD,50,1759818609.0,19,AresAthensKrishna,https://reddit.com/r/SRMUNIVERSITY/comments/1o0791k/urgent_need_o_negative_or_a_negative_blood/
Is there a DnD group in SRM,1,1759816390.0,10,Monkeyke,https://reddit.com/r/SRMUNIVERSITY/comments/1o06nat/is_there_a_dnd_group_in_srm/
SRMMUN,4,1759814710.0,30,hellvolard,https://reddit.com/r/SRMUNIVERSITY/comments/1o066oc/srmmun/
"Ts is exploitation, not employment",285,1759811830.0,13,AresAthensKrishna,https://reddit.com/r/SRMUNIVERSITY/comments/1o05buy/ts_is_exploitation_not_employment/
Freshers help me with german ft3 date,1,1759802376.0,3,Straight_Juice_4298,https://reddit.com/r/SRMUNIVERSITY/comments/1o028ae/freshers_help_me_with_german_ft3_date/
Lost a thing,5,1759776915.0,4,Plenty-Sugar-1652,https://reddit.com/r/SRMUNIVERSITY/comments/1nzru5l/lost_a_thing/
Anyone here plays badminton on campus? Just wanted to know if students can use the courts and what the usual timings are.,1,1759775526.0,1,Ill-Lemon758,https://reddit.com/r/SRMUNIVERSITY/comments/1nzr7vg/anyone_here_plays_badminton_on_campus_just_wanted/
